[{"model": "contenttypes.contenttype", "fields": {"model": "logentry", "app_label": "admin"}, "pk": 1}, {"model": "contenttypes.contenttype", "fields": {"model": "permission", "app_label": "auth"}, "pk": 2}, {"model": "contenttypes.contenttype", "fields": {"model": "group", "app_label": "auth"}, "pk": 3}, {"model": "contenttypes.contenttype", "fields": {"model": "user", "app_label": "auth"}, "pk": 4}, {"model": "contenttypes.contenttype", "fields": {"model": "contenttype", "app_label": "contenttypes"}, "pk": 5}, {"model": "contenttypes.contenttype", "fields": {"model": "session", "app_label": "sessions"}, "pk": 6}, {"model": "contenttypes.contenttype", "fields": {"model": "shift", "app_label": "timereg"}, "pk": 7}, {"model": "contenttypes.contenttype", "fields": {"model": "oblevel", "app_label": "timereg"}, "pk": 8}, {"model": "contenttypes.contenttype", "fields": {"model": "obtimes", "app_label": "timereg"}, "pk": 9}, {"model": "contenttypes.contenttype", "fields": {"model": "obspecials", "app_label": "timereg"}, "pk": 10}, {"model": "contenttypes.contenttype", "fields": {"model": "shiftfragment", "app_label": "timereg"}, "pk": 11}, {"model": "contenttypes.contenttype", "fields": {"model": "shiftdefault", "app_label": "timereg"}, "pk": 13}, {"model": "contenttypes.contenttype", "fields": {"model": "monthlyreport", "app_label": "timereg"}, "pk": 14}, {"model": "contenttypes.contenttype", "fields": {"model": "day", "app_label": "timereg"}, "pk": 15}, {"model": "sessions.session", "fields": {"session_data": "Yzg5OGQ5YjZjMzY1ZTNhYWZlMmQyMmQ0MzU2ZjA0ZTNmOWEzZWM3Nzp7Il9hdXRoX3VzZXJfaWQiOiIxIiwiX2F1dGhfdXNlcl9oYXNoIjoiOTY2N2U1YWFlYWZiYjQ3NTY2YzdlZDIwZGE0OThiMWYzMTg3ZGJmOCIsIl9hdXRoX3VzZXJfYmFja2VuZCI6ImRqYW5nby5jb250cmliLmF1dGguYmFja2VuZHMuTW9kZWxCYWNrZW5kIn0=", "expire_date": "2015-05-25T02:22:02.754"}, "pk": "75f0wqplo7dih3zjx3htwni3857aw8cq"}, {"model": "sessions.session", "fields": {"session_data": "Yzg5OGQ5YjZjMzY1ZTNhYWZlMmQyMmQ0MzU2ZjA0ZTNmOWEzZWM3Nzp7Il9hdXRoX3VzZXJfaWQiOiIxIiwiX2F1dGhfdXNlcl9oYXNoIjoiOTY2N2U1YWFlYWZiYjQ3NTY2YzdlZDIwZGE0OThiMWYzMTg3ZGJmOCIsIl9hdXRoX3VzZXJfYmFja2VuZCI6ImRqYW5nby5jb250cmliLmF1dGguYmFja2VuZHMuTW9kZWxCYWNrZW5kIn0=", "expire_date": "2015-06-11T05:42:35.821"}, "pk": "es8xo6bsyrl4mnz9qtamvqy9pb3dia2z"}, {"model": "timereg.oblevel", "fields": {"modification": "1.56", "description": "lol", "name": "weekend"}, "pk": 1}, {"model": "timereg.oblevel", "fields": {"modification": "1.28", "description": "kvallsob", "name": "evening"}, "pk": 2}, {"model": "timereg.oblevel", "fields": {"modification": "1.42", "description": "night", "name": "night"}, "pk": 3}, {"model": "timereg.oblevel", "fields": {"modification": "2.12", "description": "wow such ob", "name": "super weekend"}, "pk": 4}, {"model": "timereg.oblevel", "fields": {"modification": "1.00", "description": "regular day time", "name": "day"}, "pk": 5}, {"model": "timereg.obtimes", "fields": {"end_time": "23:59:59", "day": 5, "oblevel": 1, "name": "saturday", "start_time": "00:00:00"}, "pk": 11}, {"model": "timereg.obtimes", "fields": {"end_time": "23:59:59", "day": 6, "oblevel": 1, "name": "sunday", "start_time": "00:00:00"}, "pk": 12}, {"model": "timereg.obtimes", "fields": {"end_time": "07:00:00", "day": -1, "oblevel": 3, "name": "weekday morning", "start_time": "00:00:00"}, "pk": 18}, {"model": "timereg.obtimes", "fields": {"end_time": "18:00:00", "day": -1, "oblevel": 5, "name": "weekday day", "start_time": "07:00:00"}, "pk": 19}, {"model": "timereg.obtimes", "fields": {"end_time": "23:59:59", "day": -1, "oblevel": 2, "name": "weekday evening", "start_time": "18:00:00"}, "pk": 20}, {"model": "timereg.shift", "fields": {"length": "07:00:00", "end_time": "2015-06-01T23:45:00", "monthly_report": 12, "start_time": "2015-06-01T16:45:00"}, "pk": 83}, {"model": "timereg.shift", "fields": {"length": "07:00:00", "end_time": "2015-06-02T23:45:00", "monthly_report": 12, "start_time": "2015-06-02T16:45:00"}, "pk": 84}, {"model": "timereg.shift", "fields": {"length": "08:50:00", "end_time": "2015-06-08T08:20:00", "monthly_report": 12, "start_time": "2015-06-07T23:30:00"}, "pk": 85}, {"model": "timereg.shift", "fields": {"length": "08:50:00", "end_time": "2015-06-09T08:20:00", "monthly_report": 12, "start_time": "2015-06-08T23:30:00"}, "pk": 86}, {"model": "timereg.shift", "fields": {"length": "08:50:00", "end_time": "2015-06-10T08:20:00", "monthly_report": 12, "start_time": "2015-06-09T23:30:00"}, "pk": 87}, {"model": "timereg.shift", "fields": {"length": "08:50:00", "end_time": "2015-06-11T08:20:00", "monthly_report": 12, "start_time": "2015-06-10T23:30:00"}, "pk": 88}, {"model": "timereg.shift", "fields": {"length": "08:50:00", "end_time": "2015-06-12T08:20:00", "monthly_report": 12, "start_time": "2015-06-11T23:30:00"}, "pk": 89}, {"model": "timereg.shift", "fields": {"length": "12:15:00", "end_time": "2015-06-20T11:45:00", "monthly_report": 12, "start_time": "2015-06-19T23:30:00"}, "pk": 90}, {"model": "timereg.shift", "fields": {"length": "12:15:00", "end_time": "2015-06-21T11:45:00", "monthly_report": 12, "start_time": "2015-06-20T23:30:00"}, "pk": 91}, {"model": "timereg.shiftfragment", "fields": {"length": "01:15:00", "end_time": "2015-06-01T18:00:00", "main_shift": 83, "oblevel": 5, "start_time": "2015-06-01T16:45:00"}, "pk": 195}, {"model": "timereg.shiftfragment", "fields": {"length": "05:45:00", "end_time": "2015-06-01T23:45:00", "main_shift": 83, "oblevel": 2, "start_time": "2015-06-01T18:00:00"}, "pk": 196}, {"model": "timereg.shiftfragment", "fields": {"length": "01:15:00", "end_time": "2015-06-02T18:00:00", "main_shift": 84, "oblevel": 5, "start_time": "2015-06-02T16:45:00"}, "pk": 197}, {"model": "timereg.shiftfragment", "fields": {"length": "05:45:00", "end_time": "2015-06-02T23:45:00", "main_shift": 84, "oblevel": 2, "start_time": "2015-06-02T18:00:00"}, "pk": 198}, {"model": "timereg.shiftfragment", "fields": {"length": "00:30:00", "end_time": "2015-06-08T00:00:00", "main_shift": 85, "oblevel": 1, "start_time": "2015-06-07T23:30:00"}, "pk": 199}, {"model": "timereg.shiftfragment", "fields": {"length": "07:00:00", "end_time": "2015-06-08T07:00:00", "main_shift": 85, "oblevel": 3, "start_time": "2015-06-08T00:00:00"}, "pk": 200}, {"model": "timereg.shiftfragment", "fields": {"length": "01:20:00", "end_time": "2015-06-08T08:20:00", "main_shift": 85, "oblevel": 5, "start_time": "2015-06-08T07:00:00"}, "pk": 201}, {"model": "timereg.shiftfragment", "fields": {"length": "00:30:00", "end_time": "2015-06-09T00:00:00", "main_shift": 86, "oblevel": 2, "start_time": "2015-06-08T23:30:00"}, "pk": 202}, {"model": "timereg.shiftfragment", "fields": {"length": "07:00:00", "end_time": "2015-06-09T07:00:00", "main_shift": 86, "oblevel": 3, "start_time": "2015-06-09T00:00:00"}, "pk": 203}, {"model": "timereg.shiftfragment", "fields": {"length": "01:20:00", "end_time": "2015-06-09T08:20:00", "main_shift": 86, "oblevel": 5, "start_time": "2015-06-09T07:00:00"}, "pk": 204}, {"model": "timereg.shiftfragment", "fields": {"length": "00:30:00", "end_time": "2015-06-10T00:00:00", "main_shift": 87, "oblevel": 2, "start_time": "2015-06-09T23:30:00"}, "pk": 205}, {"model": "timereg.shiftfragment", "fields": {"length": "07:00:00", "end_time": "2015-06-10T07:00:00", "main_shift": 87, "oblevel": 3, "start_time": "2015-06-10T00:00:00"}, "pk": 206}, {"model": "timereg.shiftfragment", "fields": {"length": "01:20:00", "end_time": "2015-06-10T08:20:00", "main_shift": 87, "oblevel": 5, "start_time": "2015-06-10T07:00:00"}, "pk": 207}, {"model": "timereg.shiftfragment", "fields": {"length": "00:30:00", "end_time": "2015-06-11T00:00:00", "main_shift": 88, "oblevel": 2, "start_time": "2015-06-10T23:30:00"}, "pk": 208}, {"model": "timereg.shiftfragment", "fields": {"length": "07:00:00", "end_time": "2015-06-11T07:00:00", "main_shift": 88, "oblevel": 3, "start_time": "2015-06-11T00:00:00"}, "pk": 209}, {"model": "timereg.shiftfragment", "fields": {"length": "01:20:00", "end_time": "2015-06-11T08:20:00", "main_shift": 88, "oblevel": 5, "start_time": "2015-06-11T07:00:00"}, "pk": 210}, {"model": "timereg.shiftfragment", "fields": {"length": "00:30:00", "end_time": "2015-06-12T00:00:00", "main_shift": 89, "oblevel": 2, "start_time": "2015-06-11T23:30:00"}, "pk": 211}, {"model": "timereg.shiftfragment", "fields": {"length": "07:00:00", "end_time": "2015-06-12T07:00:00", "main_shift": 89, "oblevel": 3, "start_time": "2015-06-12T00:00:00"}, "pk": 212}, {"model": "timereg.shiftfragment", "fields": {"length": "01:20:00", "end_time": "2015-06-12T08:20:00", "main_shift": 89, "oblevel": 5, "start_time": "2015-06-12T07:00:00"}, "pk": 213}, {"model": "timereg.shiftfragment", "fields": {"length": "00:30:00", "end_time": "2015-06-20T00:00:00", "main_shift": 90, "oblevel": 2, "start_time": "2015-06-19T23:30:00"}, "pk": 214}, {"model": "timereg.shiftfragment", "fields": {"length": "11:45:00", "end_time": "2015-06-20T11:45:00", "main_shift": 90, "oblevel": 1, "start_time": "2015-06-20T00:00:00"}, "pk": 215}, {"model": "timereg.shiftfragment", "fields": {"length": "00:30:00", "end_time": "2015-06-21T00:00:00", "main_shift": 91, "oblevel": 1, "start_time": "2015-06-20T23:30:00"}, "pk": 216}, {"model": "timereg.shiftfragment", "fields": {"length": "11:45:00", "end_time": "2015-06-21T11:45:00", "main_shift": 91, "oblevel": 1, "start_time": "2015-06-21T00:00:00"}, "pk": 217}, {"model": "timereg.day", "fields": {"number": 0, "name": "Monday"}, "pk": 1}, {"model": "timereg.day", "fields": {"number": 1, "name": "Tuesday"}, "pk": 2}, {"model": "timereg.day", "fields": {"number": 2, "name": "Wednesday"}, "pk": 3}, {"model": "timereg.day", "fields": {"number": 3, "name": "Thursday"}, "pk": 4}, {"model": "timereg.day", "fields": {"number": 4, "name": "Friday"}, "pk": 5}, {"model": "timereg.day", "fields": {"number": 5, "name": "Saturday"}, "pk": 6}, {"model": "timereg.day", "fields": {"number": 6, "name": "Sunday"}, "pk": 7}, {"model": "timereg.shiftdefault", "fields": {"length": "08:50:00", "end_time": "08:20:00", "possible_days": [1, 2, 3, 4, 7], "name": "Weekday Night", "start_time": "23:30:00"}, "pk": 3}, {"model": "timereg.shiftdefault", "fields": {"length": "07:00:00", "end_time": "23:45:00", "possible_days": [1, 2, 3, 4, 5], "name": "Weekday Evening", "start_time": "16:45:00"}, "pk": 4}, {"model": "timereg.shiftdefault", "fields": {"length": "12:15:00", "end_time": "11:45:00", "possible_days": [5, 6], "name": "Weekend Night", "start_time": "23:30:00"}, "pk": 5}, {"model": "timereg.shiftdefault", "fields": {"length": "12:15:00", "end_time": "23:45:00", "possible_days": [6, 7], "name": "Weekend Day", "start_time": "11:30:00"}, "pk": 6}, {"model": "auth.permission", "fields": {"content_type": 1, "codename": "add_logentry", "name": "Can add log entry"}, "pk": 1}, {"model": "auth.permission", "fields": {"content_type": 1, "codename": "change_logentry", "name": "Can change log entry"}, "pk": 2}, {"model": "auth.permission", "fields": {"content_type": 1, "codename": "delete_logentry", "name": "Can delete log entry"}, "pk": 3}, {"model": "auth.permission", "fields": {"content_type": 2, "codename": "add_permission", "name": "Can add permission"}, "pk": 4}, {"model": "auth.permission", "fields": {"content_type": 2, "codename": "change_permission", "name": "Can change permission"}, "pk": 5}, {"model": "auth.permission", "fields": {"content_type": 2, "codename": "delete_permission", "name": "Can delete permission"}, "pk": 6}, {"model": "auth.permission", "fields": {"content_type": 3, "codename": "add_group", "name": "Can add group"}, "pk": 7}, {"model": "auth.permission", "fields": {"content_type": 3, "codename": "change_group", "name": "Can change group"}, "pk": 8}, {"model": "auth.permission", "fields": {"content_type": 3, "codename": "delete_group", "name": "Can delete group"}, "pk": 9}, {"model": "auth.permission", "fields": {"content_type": 4, "codename": "add_user", "name": "Can add user"}, "pk": 10}, {"model": "auth.permission", "fields": {"content_type": 4, "codename": "change_user", "name": "Can change user"}, "pk": 11}, {"model": "auth.permission", "fields": {"content_type": 4, "codename": "delete_user", "name": "Can delete user"}, "pk": 12}, {"model": "auth.permission", "fields": {"content_type": 5, "codename": "add_contenttype", "name": "Can add content type"}, "pk": 13}, {"model": "auth.permission", "fields": {"content_type": 5, "codename": "change_contenttype", "name": "Can change content type"}, "pk": 14}, {"model": "auth.permission", "fields": {"content_type": 5, "codename": "delete_contenttype", "name": "Can delete content type"}, "pk": 15}, {"model": "auth.permission", "fields": {"content_type": 6, "codename": "add_session", "name": "Can add session"}, "pk": 16}, {"model": "auth.permission", "fields": {"content_type": 6, "codename": "change_session", "name": "Can change session"}, "pk": 17}, {"model": "auth.permission", "fields": {"content_type": 6, "codename": "delete_session", "name": "Can delete session"}, "pk": 18}, {"model": "auth.permission", "fields": {"content_type": 7, "codename": "add_shift", "name": "Can add shift"}, "pk": 19}, {"model": "auth.permission", "fields": {"content_type": 7, "codename": "change_shift", "name": "Can change shift"}, "pk": 20}, {"model": "auth.permission", "fields": {"content_type": 7, "codename": "delete_shift", "name": "Can delete shift"}, "pk": 21}, {"model": "auth.permission", "fields": {"content_type": 8, "codename": "add_oblevel", "name": "Can add ob level"}, "pk": 22}, {"model": "auth.permission", "fields": {"content_type": 8, "codename": "change_oblevel", "name": "Can change ob level"}, "pk": 23}, {"model": "auth.permission", "fields": {"content_type": 8, "codename": "delete_oblevel", "name": "Can delete ob level"}, "pk": 24}, {"model": "auth.permission", "fields": {"content_type": 9, "codename": "add_obtimes", "name": "Can add ob times"}, "pk": 25}, {"model": "auth.permission", "fields": {"content_type": 9, "codename": "change_obtimes", "name": "Can change ob times"}, "pk": 26}, {"model": "auth.permission", "fields": {"content_type": 9, "codename": "delete_obtimes", "name": "Can delete ob times"}, "pk": 27}, {"model": "auth.permission", "fields": {"content_type": 10, "codename": "add_obspecials", "name": "Can add ob specials"}, "pk": 28}, {"model": "auth.permission", "fields": {"content_type": 10, "codename": "change_obspecials", "name": "Can change ob specials"}, "pk": 29}, {"model": "auth.permission", "fields": {"content_type": 10, "codename": "delete_obspecials", "name": "Can delete ob specials"}, "pk": 30}, {"model": "auth.permission", "fields": {"content_type": 11, "codename": "add_shiftfragment", "name": "Can add shift fragment"}, "pk": 31}, {"model": "auth.permission", "fields": {"content_type": 11, "codename": "change_shiftfragment", "name": "Can change shift fragment"}, "pk": 32}, {"model": "auth.permission", "fields": {"content_type": 11, "codename": "delete_shiftfragment", "name": "Can delete shift fragment"}, "pk": 33}, {"model": "auth.permission", "fields": {"content_type": 13, "codename": "add_shiftdefault", "name": "Can add shift default"}, "pk": 37}, {"model": "auth.permission", "fields": {"content_type": 13, "codename": "change_shiftdefault", "name": "Can change shift default"}, "pk": 38}, {"model": "auth.permission", "fields": {"content_type": 13, "codename": "delete_shiftdefault", "name": "Can delete shift default"}, "pk": 39}, {"model": "auth.permission", "fields": {"content_type": 14, "codename": "add_monthlyreport", "name": "Can add monthly report"}, "pk": 40}, {"model": "auth.permission", "fields": {"content_type": 14, "codename": "change_monthlyreport", "name": "Can change monthly report"}, "pk": 41}, {"model": "auth.permission", "fields": {"content_type": 14, "codename": "delete_monthlyreport", "name": "Can delete monthly report"}, "pk": 42}, {"model": "auth.permission", "fields": {"content_type": 15, "codename": "add_day", "name": "Can add day"}, "pk": 43}, {"model": "auth.permission", "fields": {"content_type": 15, "codename": "change_day", "name": "Can change day"}, "pk": 44}, {"model": "auth.permission", "fields": {"content_type": 15, "codename": "delete_day", "name": "Can delete day"}, "pk": 45}, {"model": "auth.user", "fields": {"is_superuser": true, "last_login": "2015-05-28T05:42:35.807", "date_joined": "2015-05-11T02:21:44.744", "password": "pbkdf2_sha256$20000$bVqnhEHuTLas$iZQIY5nSBvUsUH4DPMSVUOFuuN7/bahBgBxkenodues=", "user_permissions": [], "last_name": "", "groups": [], "first_name": "", "username": "admin", "is_staff": true, "email": "admin@kth.se", "is_active": true}, "pk": 1}, {"model": "timereg.monthlyreport", "fields": {"month": "2015-06-01", "user": 1}, "pk": 12}, {"model": "admin.logentry", "fields": {"object_id": "17", "content_type": 9, "action_time": "2015-05-11T02:25:53.243", "action_flag": 3, "object_repr": "friday day", "user": 1, "change_message": ""}, "pk": 1}, {"model": "admin.logentry", "fields": {"object_id": "16", "content_type": 9, "action_time": "2015-05-11T02:25:53.249", "action_flag": 3, "object_repr": "thursday day", "user": 1, "change_message": ""}, "pk": 2}, {"model": "admin.logentry", "fields": {"object_id": "15", "content_type": 9, "action_time": "2015-05-11T02:25:53.259", "action_flag": 3, "object_repr": "wednesday day", "user": 1, "change_message": ""}, "pk": 3}, {"model": "admin.logentry", "fields": {"object_id": "14", "content_type": 9, "action_time": "2015-05-11T02:25:53.265", "action_flag": 3, "object_repr": "tuesday day", "user": 1, "change_message": ""}, "pk": 4}, {"model": "admin.logentry", "fields": {"object_id": "13", "content_type": 9, "action_time": "2015-05-11T02:25:53.269", "action_flag": 3, "object_repr": "monday day", "user": 1, "change_message": ""}, "pk": 5}, {"model": "admin.logentry", "fields": {"object_id": "10", "content_type": 9, "action_time": "2015-05-11T02:25:53.275", "action_flag": 3, "object_repr": "friday evening", "user": 1, "change_message": ""}, "pk": 6}, {"model": "admin.logentry", "fields": {"object_id": "9", "content_type": 9, "action_time": "2015-05-11T02:25:53.283", "action_flag": 3, "object_repr": "friday morning", "user": 1, "change_message": ""}, "pk": 7}, {"model": "admin.logentry", "fields": {"object_id": "8", "content_type": 9, "action_time": "2015-05-11T02:25:53.289", "action_flag": 3, "object_repr": "thursday evening", "user": 1, "change_message": ""}, "pk": 8}, {"model": "admin.logentry", "fields": {"object_id": "7", "content_type": 9, "action_time": "2015-05-11T02:25:53.293", "action_flag": 3, "object_repr": "thursday morning", "user": 1, "change_message": ""}, "pk": 9}, {"model": "admin.logentry", "fields": {"object_id": "6", "content_type": 9, "action_time": "2015-05-11T02:25:53.299", "action_flag": 3, "object_repr": "wednesday evening", "user": 1, "change_message": ""}, "pk": 10}, {"model": "admin.logentry", "fields": {"object_id": "5", "content_type": 9, "action_time": "2015-05-11T02:25:53.307", "action_flag": 3, "object_repr": "wednesday morning", "user": 1, "change_message": ""}, "pk": 11}, {"model": "admin.logentry", "fields": {"object_id": "4", "content_type": 9, "action_time": "2015-05-11T02:25:53.312", "action_flag": 3, "object_repr": "tuesday evening", "user": 1, "change_message": ""}, "pk": 12}, {"model": "admin.logentry", "fields": {"object_id": "3", "content_type": 9, "action_time": "2015-05-11T02:25:53.316", "action_flag": 3, "object_repr": "tuesday morning", "user": 1, "change_message": ""}, "pk": 13}, {"model": "admin.logentry", "fields": {"object_id": "2", "content_type": 9, "action_time": "2015-05-11T02:25:53.322", "action_flag": 3, "object_repr": "monday morning", "user": 1, "change_message": ""}, "pk": 14}, {"model": "admin.logentry", "fields": {"object_id": "1", "content_type": 9, "action_time": "2015-05-11T02:25:53.331", "action_flag": 3, "object_repr": "monday evening", "user": 1, "change_message": ""}, "pk": 15}, {"model": "admin.logentry", "fields": {"object_id": "11", "content_type": 9, "action_time": "2015-05-11T02:26:06.199", "action_flag": 2, "object_repr": "saturday", "user": 1, "change_message": "Changed end_time."}, "pk": 16}, {"model": "admin.logentry", "fields": {"object_id": "12", "content_type": 9, "action_time": "2015-05-11T02:26:13.491", "action_flag": 2, "object_repr": "sunday", "user": 1, "change_message": "Changed end_time."}, "pk": 17}, {"model": "admin.logentry", "fields": {"object_id": "18", "content_type": 9, "action_time": "2015-05-11T02:26:19.197", "action_flag": 2, "object_repr": "weekday morning", "user": 1, "change_message": "No fields changed."}, "pk": 18}, {"model": "admin.logentry", "fields": {"object_id": "20", "content_type": 9, "action_time": "2015-05-11T02:26:24.509", "action_flag": 2, "object_repr": "weekday evening", "user": 1, "change_message": "No fields changed."}, "pk": 19}, {"model": "admin.logentry", "fields": {"object_id": "1", "content_type": 7, "action_time": "2015-05-11T02:26:51.939", "action_flag": 1, "object_repr": "admin: 2015-05-11 07:00:00 - 2015-05-11 08:20:00", "user": 1, "change_message": ""}, "pk": 20}, {"model": "admin.logentry", "fields": {"object_id": "2", "content_type": 7, "action_time": "2015-05-11T02:26:52.014", "action_flag": 1, "object_repr": "admin: 2015-05-11 07:00:00 - 2015-05-11 08:20:00", "user": 1, "change_message": ""}, "pk": 21}, {"model": "admin.logentry", "fields": {"object_id": "2", "content_type": 7, "action_time": "2015-05-11T02:27:09.271", "action_flag": 3, "object_repr": "admin: 2015-05-10 23:30:00 - 2015-05-11 08:20:00", "user": 1, "change_message": ""}, "pk": 22}, {"model": "admin.logentry", "fields": {"object_id": "3", "content_type": 7, "action_time": "2015-05-11T02:27:43.216", "action_flag": 1, "object_repr": "admin: 2015-05-10 00:00:00 - 2015-05-10 11:45:00", "user": 1, "change_message": ""}, "pk": 23}, {"model": "admin.logentry", "fields": {"object_id": "3", "content_type": 7, "action_time": "2015-05-11T03:07:28.518", "action_flag": 3, "object_repr": "admin: 2015-05-09 23:30:00 - 2015-05-10 11:45:00", "user": 1, "change_message": ""}, "pk": 24}, {"model": "admin.logentry", "fields": {"object_id": "1", "content_type": 7, "action_time": "2015-05-11T03:07:28.524", "action_flag": 3, "object_repr": "admin: 2015-05-10 23:30:00 - 2015-05-11 08:20:00", "user": 1, "change_message": ""}, "pk": 25}, {"model": "admin.logentry", "fields": {"object_id": "1", "content_type": 13, "action_time": "2015-05-11T03:54:23.176", "action_flag": 1, "object_repr": "Evening: 16:45:00 - -1 day, 17:00:00", "user": 1, "change_message": ""}, "pk": 26}, {"model": "admin.logentry", "fields": {"object_id": "1", "content_type": 13, "action_time": "2015-05-11T03:55:45.214", "action_flag": 3, "object_repr": "Evening: 16:45:00 - None", "user": 1, "change_message": ""}, "pk": 27}, {"model": "admin.logentry", "fields": {"object_id": "2", "content_type": 13, "action_time": "2015-05-11T03:55:55.582", "action_flag": 1, "object_repr": "Day: 08:00:00 - -1 day, 15:00:00", "user": 1, "change_message": ""}, "pk": 28}, {"model": "admin.logentry", "fields": {"object_id": "2", "content_type": 13, "action_time": "2015-05-11T03:56:51.427", "action_flag": 2, "object_repr": "Day: 08:00:00 - -1 day, 15:00:00", "user": 1, "change_message": "No fields changed."}, "pk": 29}, {"model": "admin.logentry", "fields": {"object_id": "2", "content_type": 13, "action_time": "2015-05-11T03:57:57.836", "action_flag": 3, "object_repr": "Day: 08:00:00 - None", "user": 1, "change_message": ""}, "pk": 30}, {"model": "admin.logentry", "fields": {"object_id": "3", "content_type": 13, "action_time": "2015-05-11T04:07:05.495", "action_flag": 1, "object_repr": "Night: 23:30:00 - 8:50:00", "user": 1, "change_message": ""}, "pk": 31}, {"model": "admin.logentry", "fields": {"object_id": "4", "content_type": 13, "action_time": "2015-05-11T04:07:20.633", "action_flag": 1, "object_repr": "Evening: 16:45:00 - 7:00:00", "user": 1, "change_message": ""}, "pk": 32}, {"model": "admin.logentry", "fields": {"object_id": "5", "content_type": 13, "action_time": "2015-05-11T04:07:37.543", "action_flag": 1, "object_repr": "Weekend Night: 23:30:00 - 12:15:00", "user": 1, "change_message": ""}, "pk": 33}, {"model": "admin.logentry", "fields": {"object_id": "6", "content_type": 13, "action_time": "2015-05-11T04:07:51.935", "action_flag": 1, "object_repr": "Weekend Day: 11:30:00 - 12:15:00", "user": 1, "change_message": ""}, "pk": 34}, {"model": "admin.logentry", "fields": {"object_id": "4", "content_type": 7, "action_time": "2015-05-11T07:02:36.506", "action_flag": 3, "object_repr": "admin: 2015-05-01 23:30:00 - 2015-05-02 08:20:00", "user": 1, "change_message": ""}, "pk": 35}, {"model": "admin.logentry", "fields": {"object_id": "10", "content_type": 7, "action_time": "2015-05-11T16:53:22.726", "action_flag": 3, "object_repr": "admin: 2015-05-12 23:30:00 - 2015-05-13 08:20:00", "user": 1, "change_message": ""}, "pk": 36}, {"model": "admin.logentry", "fields": {"object_id": "9", "content_type": 7, "action_time": "2015-05-11T16:53:22.737", "action_flag": 3, "object_repr": "admin: 2015-05-10 23:30:00 - 2015-05-11 08:20:00", "user": 1, "change_message": ""}, "pk": 37}, {"model": "admin.logentry", "fields": {"object_id": "8", "content_type": 7, "action_time": "2015-05-11T16:53:22.745", "action_flag": 3, "object_repr": "admin: 2015-05-06 16:45:00 - 2015-05-06 23:45:00", "user": 1, "change_message": ""}, "pk": 38}, {"model": "admin.logentry", "fields": {"object_id": "7", "content_type": 7, "action_time": "2015-05-11T16:53:22.749", "action_flag": 3, "object_repr": "admin: 2015-05-04 16:45:00 - 2015-05-04 23:45:00", "user": 1, "change_message": ""}, "pk": 39}, {"model": "admin.logentry", "fields": {"object_id": "6", "content_type": 7, "action_time": "2015-05-11T16:53:22.755", "action_flag": 3, "object_repr": "admin: 2015-05-02 23:30:00 - 2015-05-03 11:45:00", "user": 1, "change_message": ""}, "pk": 40}, {"model": "admin.logentry", "fields": {"object_id": "5", "content_type": 7, "action_time": "2015-05-11T16:53:22.765", "action_flag": 3, "object_repr": "admin: 2015-05-01 23:30:00 - 2015-05-02 11:45:00", "user": 1, "change_message": ""}, "pk": 41}, {"model": "admin.logentry", "fields": {"object_id": "16", "content_type": 7, "action_time": "2015-05-12T00:34:38.035", "action_flag": 3, "object_repr": "admin: 2015-05-11 23:30:00 - 2015-05-12 08:20:00", "user": 1, "change_message": ""}, "pk": 42}, {"model": "admin.logentry", "fields": {"object_id": "15", "content_type": 7, "action_time": "2015-05-12T00:34:38.039", "action_flag": 3, "object_repr": "admin: 2015-05-10 23:30:00 - 2015-05-11 08:20:00", "user": 1, "change_message": ""}, "pk": 43}, {"model": "admin.logentry", "fields": {"object_id": "14", "content_type": 7, "action_time": "2015-05-12T00:34:38.046", "action_flag": 3, "object_repr": "admin: 2015-05-06 16:45:00 - 2015-05-06 23:45:00", "user": 1, "change_message": ""}, "pk": 44}, {"model": "admin.logentry", "fields": {"object_id": "13", "content_type": 7, "action_time": "2015-05-12T00:34:38.058", "action_flag": 3, "object_repr": "admin: 2015-05-04 16:45:00 - 2015-05-04 23:45:00", "user": 1, "change_message": ""}, "pk": 45}, {"model": "admin.logentry", "fields": {"object_id": "12", "content_type": 7, "action_time": "2015-05-12T00:34:38.066", "action_flag": 3, "object_repr": "admin: 2015-05-02 23:30:00 - 2015-05-03 11:45:00", "user": 1, "change_message": ""}, "pk": 46}, {"model": "admin.logentry", "fields": {"object_id": "11", "content_type": 7, "action_time": "2015-05-12T00:34:38.070", "action_flag": 3, "object_repr": "admin: 2015-05-01 23:30:00 - 2015-05-02 11:45:00", "user": 1, "change_message": ""}, "pk": 47}, {"model": "admin.logentry", "fields": {"object_id": "30", "content_type": 7, "action_time": "2015-05-12T02:34:56.242", "action_flag": 3, "object_repr": "admin: 2015-05-12 16:45:00 - 2015-05-12 23:45:00", "user": 1, "change_message": ""}, "pk": 48}, {"model": "admin.logentry", "fields": {"object_id": "29", "content_type": 7, "action_time": "2015-05-12T02:34:56.254", "action_flag": 3, "object_repr": "admin: 2015-05-11 16:45:00 - 2015-05-11 23:45:00", "user": 1, "change_message": ""}, "pk": 49}, {"model": "admin.logentry", "fields": {"object_id": "28", "content_type": 7, "action_time": "2015-05-12T02:34:56.263", "action_flag": 3, "object_repr": "admin: 2015-05-10 16:45:00 - 2015-05-10 23:45:00", "user": 1, "change_message": ""}, "pk": 50}, {"model": "admin.logentry", "fields": {"object_id": "27", "content_type": 7, "action_time": "2015-05-12T02:34:56.268", "action_flag": 3, "object_repr": "admin: 2015-05-09 16:45:00 - 2015-05-09 23:45:00", "user": 1, "change_message": ""}, "pk": 51}, {"model": "admin.logentry", "fields": {"object_id": "26", "content_type": 7, "action_time": "2015-05-12T02:34:56.274", "action_flag": 3, "object_repr": "admin: 2015-05-07 23:30:00 - 2015-05-08 08:20:00", "user": 1, "change_message": ""}, "pk": 52}, {"model": "admin.logentry", "fields": {"object_id": "25", "content_type": 7, "action_time": "2015-05-12T02:34:56.286", "action_flag": 3, "object_repr": "admin: 2015-05-05 23:30:00 - 2015-05-06 11:45:00", "user": 1, "change_message": ""}, "pk": 53}, {"model": "admin.logentry", "fields": {"object_id": "24", "content_type": 7, "action_time": "2015-05-12T02:34:56.294", "action_flag": 3, "object_repr": "admin: 2015-05-04 16:45:00 - 2015-05-04 23:45:00", "user": 1, "change_message": ""}, "pk": 54}, {"model": "admin.logentry", "fields": {"object_id": "23", "content_type": 7, "action_time": "2015-05-12T02:34:56.302", "action_flag": 3, "object_repr": "admin: 2015-05-03 23:30:00 - 2015-05-04 08:20:00", "user": 1, "change_message": ""}, "pk": 55}, {"model": "admin.logentry", "fields": {"object_id": "22", "content_type": 7, "action_time": "2015-05-12T02:34:56.315", "action_flag": 3, "object_repr": "admin: 2015-05-02 23:30:00 - 2015-05-03 08:20:00", "user": 1, "change_message": ""}, "pk": 56}, {"model": "admin.logentry", "fields": {"object_id": "21", "content_type": 7, "action_time": "2015-05-12T02:34:56.323", "action_flag": 3, "object_repr": "admin: 2015-05-01 23:30:00 - 2015-05-02 08:20:00", "user": 1, "change_message": ""}, "pk": 57}, {"model": "admin.logentry", "fields": {"object_id": "20", "content_type": 7, "action_time": "2015-05-12T02:34:56.329", "action_flag": 3, "object_repr": "admin: 2015-05-06 16:45:00 - 2015-05-06 23:45:00", "user": 1, "change_message": ""}, "pk": 58}, {"model": "admin.logentry", "fields": {"object_id": "19", "content_type": 7, "action_time": "2015-05-12T02:34:56.343", "action_flag": 3, "object_repr": "admin: 2015-05-04 16:45:00 - 2015-05-04 23:45:00", "user": 1, "change_message": ""}, "pk": 59}, {"model": "admin.logentry", "fields": {"object_id": "18", "content_type": 7, "action_time": "2015-05-12T02:34:56.353", "action_flag": 3, "object_repr": "admin: 2015-05-02 23:30:00 - 2015-05-03 11:45:00", "user": 1, "change_message": ""}, "pk": 60}, {"model": "admin.logentry", "fields": {"object_id": "17", "content_type": 7, "action_time": "2015-05-12T02:34:56.361", "action_flag": 3, "object_repr": "admin: 2015-05-01 23:30:00 - 2015-05-02 11:45:00", "user": 1, "change_message": ""}, "pk": 61}, {"model": "admin.logentry", "fields": {"object_id": "35", "content_type": 7, "action_time": "2015-05-12T02:36:54.104", "action_flag": 2, "object_repr": "admin: 2015-05-11 07:00:00 - 2015-05-11 08:40:00", "user": 1, "change_message": "Changed end_time."}, "pk": 62}, {"model": "admin.logentry", "fields": {"object_id": "36", "content_type": 7, "action_time": "2015-05-13T10:25:19.636", "action_flag": 3, "object_repr": "admin: 2015-05-11 23:30:00 - 2015-05-12 08:20:00", "user": 1, "change_message": ""}, "pk": 63}, {"model": "admin.logentry", "fields": {"object_id": "35", "content_type": 7, "action_time": "2015-05-13T10:25:19.643", "action_flag": 3, "object_repr": "admin: 2015-05-10 23:30:00 - 2015-05-11 08:40:00", "user": 1, "change_message": ""}, "pk": 64}, {"model": "admin.logentry", "fields": {"object_id": "34", "content_type": 7, "action_time": "2015-05-13T10:25:19.649", "action_flag": 3, "object_repr": "admin: 2015-05-05 16:45:00 - 2015-05-05 23:45:00", "user": 1, "change_message": ""}, "pk": 65}, {"model": "admin.logentry", "fields": {"object_id": "33", "content_type": 7, "action_time": "2015-05-13T10:25:19.654", "action_flag": 3, "object_repr": "admin: 2015-05-04 16:45:00 - 2015-05-04 23:45:00", "user": 1, "change_message": ""}, "pk": 66}, {"model": "admin.logentry", "fields": {"object_id": "32", "content_type": 7, "action_time": "2015-05-13T10:25:19.665", "action_flag": 3, "object_repr": "admin: 2015-05-02 23:30:00 - 2015-05-03 11:45:00", "user": 1, "change_message": ""}, "pk": 67}, {"model": "admin.logentry", "fields": {"object_id": "31", "content_type": 7, "action_time": "2015-05-13T10:25:19.672", "action_flag": 3, "object_repr": "admin: 2015-05-01 23:30:00 - 2015-05-02 11:45:00", "user": 1, "change_message": ""}, "pk": 68}, {"model": "admin.logentry", "fields": {"object_id": "1", "content_type": 15, "action_time": "2015-05-29T07:10:19.562", "action_flag": 1, "object_repr": "Day object", "user": 1, "change_message": ""}, "pk": 69}, {"model": "admin.logentry", "fields": {"object_id": "2", "content_type": 15, "action_time": "2015-05-29T07:10:24.841", "action_flag": 1, "object_repr": "Day object", "user": 1, "change_message": ""}, "pk": 70}, {"model": "admin.logentry", "fields": {"object_id": "3", "content_type": 15, "action_time": "2015-05-29T07:10:34.155", "action_flag": 1, "object_repr": "Day object", "user": 1, "change_message": ""}, "pk": 71}, {"model": "admin.logentry", "fields": {"object_id": "4", "content_type": 15, "action_time": "2015-05-29T07:10:38.017", "action_flag": 1, "object_repr": "Day object", "user": 1, "change_message": ""}, "pk": 72}, {"model": "admin.logentry", "fields": {"object_id": "5", "content_type": 15, "action_time": "2015-05-29T07:10:42.444", "action_flag": 1, "object_repr": "Day object", "user": 1, "change_message": ""}, "pk": 73}, {"model": "admin.logentry", "fields": {"object_id": "6", "content_type": 15, "action_time": "2015-05-29T07:10:52.504", "action_flag": 1, "object_repr": "Day object", "user": 1, "change_message": ""}, "pk": 74}, {"model": "admin.logentry", "fields": {"object_id": "7", "content_type": 15, "action_time": "2015-05-29T07:10:58.117", "action_flag": 1, "object_repr": "Day object", "user": 1, "change_message": ""}, "pk": 75}, {"model": "admin.logentry", "fields": {"object_id": "3", "content_type": 13, "action_time": "2015-05-29T07:13:39.335", "action_flag": 2, "object_repr": "Weekend night: 23:30:00 - 8:50:00", "user": 1, "change_message": "Changed name and possible_days."}, "pk": 76}, {"model": "admin.logentry", "fields": {"object_id": "3", "content_type": 13, "action_time": "2015-05-29T07:13:52.044", "action_flag": 2, "object_repr": "Weekday Night: 23:30:00 - 8:50:00", "user": 1, "change_message": "Changed name."}, "pk": 77}, {"model": "admin.logentry", "fields": {"object_id": "4", "content_type": 13, "action_time": "2015-05-29T07:14:04.238", "action_flag": 2, "object_repr": "Weekday Evening: 16:45:00 - 7:00:00", "user": 1, "change_message": "Changed name and possible_days."}, "pk": 78}, {"model": "admin.logentry", "fields": {"object_id": "5", "content_type": 13, "action_time": "2015-05-29T07:14:11.622", "action_flag": 2, "object_repr": "Weekend Night: 23:30:00 - 12:15:00", "user": 1, "change_message": "Changed possible_days."}, "pk": 79}, {"model": "admin.logentry", "fields": {"object_id": "6", "content_type": 13, "action_time": "2015-05-29T07:14:18.869", "action_flag": 2, "object_repr": "Weekend Day: 11:30:00 - 12:15:00", "user": 1, "change_message": "Changed possible_days."}, "pk": 80}, {"model": "admin.logentry", "fields": {"object_id": "1", "content_type": 14, "action_time": "2015-05-29T21:31:21.417", "action_flag": 1, "object_repr": "2015-05-29", "user": 1, "change_message": ""}, "pk": 81}, {"model": "admin.logentry", "fields": {"object_id": "51", "content_type": 7, "action_time": "2015-05-29T21:35:23.112", "action_flag": 3, "object_repr": "admin - 2015-06-27 23:30:00 - 2015-06-28 11:45:00", "user": 1, "change_message": ""}, "pk": 82}, {"model": "admin.logentry", "fields": {"object_id": "50", "content_type": 7, "action_time": "2015-05-29T21:35:23.118", "action_flag": 3, "object_repr": "admin - 2015-06-26 23:30:00 - 2015-06-27 11:45:00", "user": 1, "change_message": ""}, "pk": 83}, {"model": "admin.logentry", "fields": {"object_id": "49", "content_type": 7, "action_time": "2015-05-29T21:35:23.127", "action_flag": 3, "object_repr": "admin - 2015-06-20 23:30:00 - 2015-06-21 11:45:00", "user": 1, "change_message": ""}, "pk": 84}, {"model": "admin.logentry", "fields": {"object_id": "48", "content_type": 7, "action_time": "2015-05-29T21:35:23.131", "action_flag": 3, "object_repr": "admin - 2015-06-19 23:30:00 - 2015-06-20 11:45:00", "user": 1, "change_message": ""}, "pk": 85}, {"model": "admin.logentry", "fields": {"object_id": "47", "content_type": 7, "action_time": "2015-05-29T21:35:23.134", "action_flag": 3, "object_repr": "admin - 2015-06-12 16:45:00 - 2015-06-12 23:45:00", "user": 1, "change_message": ""}, "pk": 86}, {"model": "admin.logentry", "fields": {"object_id": "46", "content_type": 7, "action_time": "2015-05-29T21:35:23.145", "action_flag": 3, "object_repr": "admin - 2015-06-11 16:45:00 - 2015-06-11 23:45:00", "user": 1, "change_message": ""}, "pk": 87}, {"model": "admin.logentry", "fields": {"object_id": "45", "content_type": 7, "action_time": "2015-05-29T21:35:23.154", "action_flag": 3, "object_repr": "admin - 2015-06-10 16:45:00 - 2015-06-10 23:45:00", "user": 1, "change_message": ""}, "pk": 88}, {"model": "admin.logentry", "fields": {"object_id": "44", "content_type": 7, "action_time": "2015-05-29T21:35:23.158", "action_flag": 3, "object_repr": "admin - 2015-06-09 16:45:00 - 2015-06-09 23:45:00", "user": 1, "change_message": ""}, "pk": 89}, {"model": "admin.logentry", "fields": {"object_id": "43", "content_type": 7, "action_time": "2015-05-29T21:35:23.165", "action_flag": 3, "object_repr": "admin - 2015-06-08 16:45:00 - 2015-06-08 23:45:00", "user": 1, "change_message": ""}, "pk": 90}, {"model": "admin.logentry", "fields": {"object_id": "42", "content_type": 7, "action_time": "2015-05-29T21:35:23.174", "action_flag": 3, "object_repr": "admin - 2015-05-11 23:30:00 - 2015-05-12 08:20:00", "user": 1, "change_message": ""}, "pk": 91}, {"model": "admin.logentry", "fields": {"object_id": "41", "content_type": 7, "action_time": "2015-05-29T21:35:23.179", "action_flag": 3, "object_repr": "admin - 2015-05-10 23:30:00 - 2015-05-11 08:20:00", "user": 1, "change_message": ""}, "pk": 92}, {"model": "admin.logentry", "fields": {"object_id": "40", "content_type": 7, "action_time": "2015-05-29T21:35:23.182", "action_flag": 3, "object_repr": "admin - 2015-05-06 16:45:00 - 2015-05-06 23:45:00", "user": 1, "change_message": ""}, "pk": 93}, {"model": "admin.logentry", "fields": {"object_id": "39", "content_type": 7, "action_time": "2015-05-29T21:35:23.192", "action_flag": 3, "object_repr": "admin - 2015-05-04 16:45:00 - 2015-05-04 23:45:00", "user": 1, "change_message": ""}, "pk": 94}, {"model": "admin.logentry", "fields": {"object_id": "38", "content_type": 7, "action_time": "2015-05-29T21:35:23.200", "action_flag": 3, "object_repr": "admin - 2015-05-02 23:30:00 - 2015-05-03 11:45:00", "user": 1, "change_message": ""}, "pk": 95}, {"model": "admin.logentry", "fields": {"object_id": "37", "content_type": 7, "action_time": "2015-05-29T21:35:23.206", "action_flag": 3, "object_repr": "admin - 2015-05-01 23:30:00 - 2015-05-02 11:45:00", "user": 1, "change_message": ""}, "pk": 96}, {"model": "admin.logentry", "fields": {"object_id": "1", "content_type": 14, "action_time": "2015-05-29T21:35:42.558", "action_flag": 3, "object_repr": "2015-05-29", "user": 1, "change_message": ""}, "pk": 97}, {"model": "admin.logentry", "fields": {"object_id": "8", "content_type": 14, "action_time": "2015-05-29T22:09:28.165", "action_flag": 3, "object_repr": "2015-07-01", "user": 1, "change_message": ""}, "pk": 98}, {"model": "admin.logentry", "fields": {"object_id": "7", "content_type": 14, "action_time": "2015-05-29T22:09:28.170", "action_flag": 3, "object_repr": "2015-07-01", "user": 1, "change_message": ""}, "pk": 99}, {"model": "admin.logentry", "fields": {"object_id": "6", "content_type": 14, "action_time": "2015-05-29T22:09:28.180", "action_flag": 3, "object_repr": "2015-06-01", "user": 1, "change_message": ""}, "pk": 100}, {"model": "admin.logentry", "fields": {"object_id": "5", "content_type": 14, "action_time": "2015-05-29T22:09:28.189", "action_flag": 3, "object_repr": "2015-06-01", "user": 1, "change_message": ""}, "pk": 101}, {"model": "admin.logentry", "fields": {"object_id": "4", "content_type": 14, "action_time": "2015-05-29T22:09:28.194", "action_flag": 3, "object_repr": "2015-06-01", "user": 1, "change_message": ""}, "pk": 102}, {"model": "admin.logentry", "fields": {"object_id": "3", "content_type": 14, "action_time": "2015-05-29T22:09:28.200", "action_flag": 3, "object_repr": "2015-11-01", "user": 1, "change_message": ""}, "pk": 103}, {"model": "admin.logentry", "fields": {"object_id": "2", "content_type": 14, "action_time": "2015-05-29T22:09:28.210", "action_flag": 3, "object_repr": "2015-01-01", "user": 1, "change_message": ""}, "pk": 104}, {"model": "admin.logentry", "fields": {"object_id": "10", "content_type": 14, "action_time": "2015-05-30T04:10:10.698", "action_flag": 3, "object_repr": "2016-03-01", "user": 1, "change_message": ""}, "pk": 105}, {"model": "admin.logentry", "fields": {"object_id": "9", "content_type": 14, "action_time": "2015-05-30T04:10:10.702", "action_flag": 3, "object_repr": "2015-07-01", "user": 1, "change_message": ""}, "pk": 106}, {"model": "admin.logentry", "fields": {"object_id": "11", "content_type": 14, "action_time": "2015-05-30T09:06:56.051", "action_flag": 3, "object_repr": "2015-05-01", "user": 1, "change_message": ""}, "pk": 107}]